,³µÐÍ,×îµÍÖµ,×î¸ßÖµ,Í¼Æ¬
0,Ì½ÔÀ,18.59,31.39,//img2.bitautoimg.com/autoalbum/files/20191203/330/0341563309_6.jpg
1,Í¾ÔÀ,16.58,22.38,//img2.bitautoimg.com/autoalbum/files/20190114/700/0426047002_6.png
2,Í¾¹ÛL,21.88,31.18,//img4.bitautoimg.com/autoalbum/files/20190104/175/0310091757_6.png
3,Í¾°º,29.99,50.59,//img3.bitautoimg.com/autoalbum/files/20190102/298/0407052987_6.png
4,Í¾îø,11.49,15.99,//img2.bitautoimg.com/autoalbum/files/20190314/804/0324388049_6.png
5,Ì½¸è,13.58,20.38,//img4.bitautoimg.com/autoalbum/files/20190102/642/1013046423_6.png
6,Í¾¹Û,19.48,23.18,//img1.bitautoimg.com/autoalbum/files/20181213/999/0143029995_6.jpg
7,Ì½Ó°,11.49,15.99,//img1.bitautoimg.com/autoalbum/files/20191028/545/1021325456_6.jpg
8,Ì½ÔÀX,23.58,29.58,//img1.bitautoimg.com/autoalbum/files/20200619/889/0415468894_6.jpg
9,Í¾°ºX,28.99,43.99,//img1.bitautoimg.com/autoalbum/files/20190416/056/1215330566_6.jpg
10,Í¾Èñ,56.98,82.18,//img3.bitautoimg.com/autoalbum/files/20180911/623/0542406239_6.png
11,Í¾¹ÛL ²åµç»ì¶¯,26.58,32.58,//img4.bitautoimg.com/autoalbum/files/20180927/073/0409530731_6.png
12,Ì½ÔÀGTE ²åµç»ì¶¯,24.98,25.98,//img3.bitautoimg.com/autoalbum/files/20200414/529/0201435292_6.jpg
13,Tiguan,23.98,35.08,//img1.bitautoimg.com/autoalbum/files/20180802/160/0459231608_6.png
14,Í¾Èñ ²åµç»ì¶¯,,,//img4.bitautoimg.com/autoalbum/files/20190528/026/0617560266_6.jpg
